{"nm":"cloud_sun","ddd":0,"h":222,"w":594,"meta":{"g":"@lottiefiles/toolkit-js 0.21.1","tc":"#ffffff"},"layers":[{"ty":4,"nm":"W cloud 2 Outlines","sr":1,"st":0,"op":122,"ip":0,"hd":false,"ddd":0,"bm":0,"hasMask":false,"ao":0,"ks":{"a":{"a":0,"k":[12.008,67.071,0],"ix":1},"s":{"a":0,"k":[100,100,100],"ix":6},"sk":{"a":0,"k":0},"p":{"a":1,"k":[{"o":{"x":0.167,"y":0.167},"i":{"x":0.833,"y":0.833},"s":[288.242,198.041,0],"t":0},{"o":{"x":0.167,"y":0.167},"i":{"x":0.833,"y":0.833},"s":[273.242,198.041,0],"t":60},{"s":[288.242,198.041,0],"t":119}],"ix":2},"r":{"a":0,"k":0,"ix":10},"sa":{"a":0,"k":0},"o":{"a":0,"k":100,"ix":11}},"ef":[],"shapes":[{"ty":"gr","bm":0,"hd":false,"mn":"ADBE Vector Group","nm":"Group 1","ix":1,"cix":2,"np":2,"it":[{"ty":"sh","bm":0,"hd":false,"mn":"ADBE Vector Shape - Group","nm":"Path 1","ix":1,"d":1,"ks":{"a":0,"k":{"c":false,"i":[[0,0],[-7.006,5.98],[-1.386,-0.207],[-5.421,5.394],[-8.178,-6.647],[-10.548,3.012],[-1.676,-1.179],[-0.649,-10.381],[1.273,-1.999],[-4.581,-1.593],[-1.491,-1.818],[-0.098,-3.394]],"o":[[0.132,-1.596],[7.782,-6.644],[-3.332,-7.606],[6.661,-6.626],[0.758,-1.523],[11.582,-3.306],[2.197,1.547],[0.395,6.336],[1.46,-0.548],[3.611,1.256],[4.945,6.027],[0,0]],"v":[[-62.758,29.668],[-54.793,14.013],[-36.392,8.794],[-32.822,-12.903],[-6.455,-13.453],[9.475,-26.911],[31.997,-22.516],[43.258,-4.664],[39.688,8.52],[49.849,8.245],[56.99,13.738],[62.758,30.217]]},"ix":2}},{"ty":"fl","bm":0,"hd":false,"mn":"ADBE Vector Graphic - Fill","nm":"Fill 1","c":{"a":0,"k":[1,0.9804,0.8157],"ix":4},"r":1,"o":{"a":0,"k":100,"ix":5}},{"ty":"tr","a":{"a":0,"k":[0,0],"ix":1},"s":{"a":0,"k":[100,100],"ix":3},"sk":{"a":0,"k":0,"ix":4},"p":{"a":0,"k":[253.008,34.675],"ix":2},"r":{"a":0,"k":0,"ix":6},"sa":{"a":0,"k":0,"ix":5},"o":{"a":0,"k":100,"ix":7}}]},{"ty":"gr","bm":0,"hd":false,"mn":"ADBE Vector Group","nm":"Group 2","ix":2,"cix":2,"np":2,"it":[{"ty":"sh","bm":0,"hd":false,"mn":"ADBE Vector Shape - Group","nm":"Path 1","ix":1,"d":1,"ks":{"a":0,"k":{"c":false,"i":[[0,0],[0.672,-0.01],[45.304,-0.69],[-6.617,4.292],[-1.846,-0.322],[-9.57,7.402],[-12.701,-4.874],[-0.495,-1.635],[-10.133,-2.943],[0.503,-9.861],[-7.629,-8.14],[-0.921,-2.905]],"o":[[-0.672,0.01],[-45.304,0.69],[-1.029,-8.532],[6.253,-4.056],[-1.793,-12.459],[2.333,-1.804],[10.664,4.092],[0.432,-0.398],[8.494,2.467],[2.936,0.299],[4.087,4.361],[0,0]],"v":[[69.479,31.492],[67.463,31.523],[-68.45,33.594],[-59.348,12.589],[-44.564,9.789],[-32.043,-22.418],[-5.437,-28.719],[9.266,-11.917],[28.169,-16.818],[42.173,4.187],[62.477,13.99],[69.4,25.892]]},"ix":2}},{"ty":"fl","bm":0,"hd":false,"mn":"ADBE Vector Graphic - Fill","nm":"Fill 1","c":{"a":0,"k":[1,0.9804,0.8157],"ix":4},"r":1,"o":{"a":0,"k":100,"ix":5}},{"ty":"tr","a":{"a":0,"k":[0,0],"ix":1},"s":{"a":0,"k":[100,100],"ix":3},"sk":{"a":0,"k":0,"ix":4},"p":{"a":0,"k":[156.288,33.844],"ix":2},"r":{"a":0,"k":0,"ix":6},"sa":{"a":0,"k":0,"ix":5},"o":{"a":0,"k":100,"ix":7}}]},{"ty":"gr","bm":0,"hd":false,"mn":"ADBE Vector Group","nm":"Group 3","ix":3,"cix":2,"np":2,"it":[{"ty":"sh","bm":0,"hd":false,"mn":"ADBE Vector Shape - Group","nm":"Path 1","ix":1,"d":1,"ks":{"a":0,"k":{"c":false,"i":[[0,0],[-6.358,5.427],[-1.258,-0.188],[-4.921,4.896],[-7.423,-6.033],[-9.573,2.733],[-1.521,-1.071],[-0.588,-9.422],[1.155,-1.813],[-4.158,-1.446],[-1.354,-1.649],[-0.089,-3.081]],"o":[[0.119,-1.449],[7.063,-6.03],[-3.023,-6.904],[6.044,-6.013],[0.688,-1.383],[10.512,-3.001],[1.994,1.404],[0.36,5.75],[1.325,-0.496],[3.277,1.14],[4.488,5.47],[0,0]],"v":[[-56.958,26.925],[-49.729,12.718],[-33.029,7.982],[-29.788,-11.711],[-5.858,-12.209],[8.599,-24.424],[29.04,-20.435],[39.259,-4.234],[36.019,7.732],[45.242,7.482],[51.723,12.468],[56.958,27.424]]},"ix":2}},{"ty":"fl","bm":0,"hd":false,"mn":"ADBE Vector Graphic - Fill","nm":"Fill 1","c":{"a":0,"k":[1,0.9804,0.8157],"ix":4},"r":1,"o":{"a":0,"k":100,"ix":5}},{"ty":"tr","a":{"a":0,"k":[0,0],"ix":1},"s":{"a":0,"k":[100,100],"ix":3},"sk":{"a":0,"k":0,"ix":4},"p":{"a":0,"k":[57.208,44.468],"ix":2},"r":{"a":0,"k":0,"ix":6},"sa":{"a":0,"k":0,"ix":5},"o":{"a":0,"k":100,"ix":7}}]}],"ind":1},{"ty":4,"nm":"W cloud 1 Outlines","sr":1,"st":0,"op":122,"ip":0,"hd":false,"ddd":0,"bm":0,"hasMask":false,"ao":0,"ks":{"a":{"a":0,"k":[278.512,75.288,0],"ix":1},"s":{"a":0,"k":[100,100,100],"ix":6},"sk":{"a":0,"k":0},"p":{"a":1,"k":[{"o":{"x":0.167,"y":0.167},"i":{"x":0.833,"y":0.833},"s":[267.738,189.368,0],"t":0},{"o":{"x":0.167,"y":0.167},"i":{"x":0.833,"y":0.833},"s":[282.738,189.368,0],"t":60},{"s":[267.738,189.368,0],"t":119}],"ix":2},"r":{"a":0,"k":0,"ix":10},"sa":{"a":0,"k":0},"o":{"a":0,"k":100,"ix":11}},"ef":[],"shapes":[{"ty":"gr","bm":0,"hd":false,"mn":"ADBE Vector Group","nm":"Group 1","ix":1,"cix":2,"np":2,"it":[{"ty":"sh","bm":0,"hd":false,"mn":"ADBE Vector Shape - Group","nm":"Path 1","ix":1,"d":1,"ks":{"a":0,"k":{"c":false,"i":[[0,0],[0.851,-0.013],[57.443,-0.874],[-8.389,5.442],[-2.34,-0.407],[-12.134,9.384],[-16.104,-6.179],[-0.627,-2.073],[-12.85,-3.731],[0.638,-12.503],[-9.672,-10.32],[-1.166,-3.683]],"o":[[-0.852,0.013],[-57.443,0.875],[-1.305,-10.817],[7.928,-5.142],[-2.272,-15.795],[2.957,-2.288],[13.521,5.189],[0.548,-0.505],[10.768,3.128],[3.722,0.378],[5.182,5.529],[0,0]],"v":[[88.093,39.93],[85.539,39.969],[-86.788,42.593],[-75.247,15.961],[-56.503,12.41],[-40.626,-28.424],[-6.893,-36.414],[11.749,-15.109],[35.718,-21.323],[53.472,5.309],[79.216,17.737],[87.993,32.828]]},"ix":2}},{"ty":"fl","bm":0,"hd":false,"mn":"ADBE Vector Graphic - Fill","nm":"Fill 1","c":{"a":0,"k":[1,0.9804,0.8157],"ix":4},"r":1,"o":{"a":0,"k":100,"ix":5}},{"ty":"tr","a":{"a":0,"k":[0,0],"ix":1},"s":{"a":0,"k":[100,100],"ix":3},"sk":{"a":0,"k":0,"ix":4},"p":{"a":0,"k":[204.682,45.733],"ix":2},"r":{"a":0,"k":0,"ix":6},"sa":{"a":0,"k":0,"ix":5},"o":{"a":0,"k":100,"ix":7}}]},{"ty":"gr","bm":0,"hd":false,"mn":"ADBE Vector Group","nm":"Group 2","ix":2,"cix":2,"np":4,"it":[{"ty":"sh","bm":0,"hd":false,"mn":"ADBE Vector Shape - Group","nm":"Path 1","ix":1,"d":1,"ks":{"a":0,"k":{"c":true,"i":[[-12.151,-0.45],[-14.66,2.086],[-7.585,-12.359],[-5.152,-7.228],[7.669,-6.84],[-11.318,-7.056],[-0.239,-2.033],[0,0],[-6.175,11.913]],"o":[[3.496,-14.503],[14.257,-2.028],[8.62,-3.503],[5.658,7.94],[2.705,-0.528],[14.07,8.772],[0,0],[-10.143,-9.733],[5.405,-10.429]],"v":[[-49.003,-11.771],[-18.844,-39.307],[17.215,-22.261],[40.818,-15.705],[37.54,10.521],[63.109,15.11],[79.5,41.335],[-71.294,41.335],[-77.85,4.62]]},"ix":2}},{"ty":"fl","bm":0,"hd":false,"mn":"ADBE Vector Graphic - Fill","nm":"Fill 1","c":{"a":0,"k":[1,0.9804,0.8157],"ix":4},"r":1,"o":{"a":0,"k":100,"ix":5}},{"ty":"tr","a":{"a":0,"k":[0,0],"ix":1},"s":{"a":0,"k":[100,100],"ix":3},"sk":{"a":0,"k":0,"ix":4},"p":{"a":0,"k":[84.275,41.585],"ix":2},"r":{"a":0,"k":0,"ix":6},"sa":{"a":0,"k":0,"ix":5},"o":{"a":0,"k":100,"ix":7}}]}],"ind":2},{"ty":4,"nm":"smile Outlines","sr":1,"st":0,"op":122,"ip":0,"hd":false,"ddd":0,"bm":0,"hasMask":false,"ao":0,"ks":{"a":{"a":0,"k":[19.5,10.59,0],"ix":1},"s":{"a":0,"k":[100,100,100],"ix":6},"sk":{"a":0,"k":0},"p":{"a":0,"k":[296,136.59,0],"ix":2},"r":{"a":0,"k":0,"ix":10},"sa":{"a":0,"k":0},"o":{"a":0,"k":100,"ix":11}},"ef":[],"shapes":[{"ty":"gr","bm":0,"hd":false,"mn":"ADBE Vector Group","nm":"Group 1","ix":1,"cix":2,"np":3,"it":[{"ty":"sh","bm":0,"hd":false,"mn":"ADBE Vector Shape - Group","nm":"Path 1","ix":1,"d":1,"ks":{"a":1,"k":[{"o":{"x":0.167,"y":0.167},"i":{"x":0.833,"y":0.833},"s":[{"c":false,"i":[[0,0],[-8.793,0.181],[-0.474,0.401]],"o":[[4.593,3.87],[12.728,-0.262],[0,0]],"v":[[-20,-3.091],[1.737,2.909],[21.5,-3.091]]}],"t":0},{"o":{"x":0.167,"y":0.167},"i":{"x":0.833,"y":0.833},"s":[{"c":false,"i":[[0,0],[-5.085,0.181],[-0.274,0.401]],"o":[[2.656,3.87],[7.361,-0.262],[0,0]],"v":[[-12,-3.091],[0.571,2.909],[12,-3.091]]}],"t":60},{"s":[{"c":false,"i":[[0,0],[-8.793,0.181],[-0.474,0.401]],"o":[[4.593,3.87],[12.728,-0.262],[0,0]],"v":[[-20,-3.091],[1.737,2.909],[21.5,-3.091]]}],"t":119}],"ix":2}},{"ty":"tm","bm":0,"hd":false,"mn":"ADBE Vector Filter - Trim","nm":"Trim Paths 1","ix":2,"e":{"a":0,"k":100,"ix":2},"o":{"a":0,"k":0,"ix":3},"s":{"a":0,"k":0,"ix":1},"m":1},{"ty":"st","bm":0,"hd":false,"mn":"ADBE Vector Graphic - Stroke","nm":"Stroke 1","lc":2,"lj":2,"ml":1,"o":{"a":0,"k":100,"ix":4},"w":{"a":0,"k":3,"ix":5},"c":{"a":0,"k":[0,0,0],"ix":3}},{"ty":"tr","a":{"a":0,"k":[0,0],"ix":1},"s":{"a":0,"k":[100,100],"ix":3},"sk":{"a":0,"k":0,"ix":4},"p":{"a":0,"k":[19.5,10.591],"ix":2},"r":{"a":0,"k":0,"ix":6},"sa":{"a":0,"k":0,"ix":5},"o":{"a":0,"k":100,"ix":7}}]}],"ind":3},{"ty":4,"nm":"eyes Outlines","sr":1,"st":0,"op":122,"ip":0,"hd":false,"ddd":0,"bm":0,"hasMask":false,"ao":0,"ks":{"a":{"a":0,"k":[34.739,10.56,0],"ix":1},"s":{"a":0,"k":[100,100,100],"ix":6},"sk":{"a":0,"k":0},"p":{"a":0,"k":[295.739,112.56,0],"ix":2},"r":{"a":0,"k":0,"ix":10},"sa":{"a":0,"k":0},"o":{"a":0,"k":100,"ix":11}},"ef":[],"shapes":[{"ty":"gr","bm":0,"hd":false,"mn":"ADBE Vector Group","nm":"Group 1","ix":1,"cix":2,"np":2,"it":[{"ty":"sh","bm":0,"hd":false,"mn":"ADBE Vector Shape - Group","nm":"Path 1","ix":1,"d":1,"ks":{"a":0,"k":{"c":false,"i":[[0,0],[-3.928,0],[-1.511,3.626]],"o":[[1.511,3.626],[3.928,0],[0,0]],"v":[[-9,-3],[0,3],[9,-3]]},"ix":2}},{"ty":"st","bm":0,"hd":false,"mn":"ADBE Vector Graphic - Stroke","nm":"Stroke 1","lc":2,"lj":2,"ml":1,"o":{"a":0,"k":100,"ix":4},"w":{"a":0,"k":3,"ix":5},"c":{"a":0,"k":[0,0,0],"ix":3}},{"ty":"tr","a":{"a":0,"k":[0,0],"ix":1},"s":{"a":0,"k":[100,100],"ix":3},"sk":{"a":0,"k":0,"ix":4},"p":{"a":0,"k":[16.5,10.5],"ix":2},"r":{"a":0,"k":0,"ix":6},"sa":{"a":0,"k":0,"ix":5},"o":{"a":0,"k":100,"ix":7}}]},{"ty":"gr","bm":0,"hd":false,"mn":"ADBE Vector Group","nm":"Group 2","ix":2,"cix":2,"np":2,"it":[{"ty":"sh","bm":0,"hd":false,"mn":"ADBE Vector Shape - Group","nm":"Path 1","ix":1,"d":1,"ks":{"a":0,"k":{"c":false,"i":[[0,0],[-3.929,0],[-1.511,3.626]],"o":[[1.511,3.626],[3.928,0],[0,0]],"v":[[-9,-3],[0,3],[9,-3]]},"ix":2}},{"ty":"st","bm":0,"hd":false,"mn":"ADBE Vector Graphic - Stroke","nm":"Stroke 1","lc":2,"lj":2,"ml":1,"o":{"a":0,"k":100,"ix":4},"w":{"a":0,"k":3,"ix":5},"c":{"a":0,"k":[0,0,0],"ix":3}},{"ty":"tr","a":{"a":0,"k":[0,0],"ix":1},"s":{"a":0,"k":[100,100],"ix":3},"sk":{"a":0,"k":0,"ix":4},"p":{"a":0,"k":[52.978,10.621],"ix":2},"r":{"a":0,"k":0,"ix":6},"sa":{"a":0,"k":0,"ix":5},"o":{"a":0,"k":100,"ix":7}}]}],"ind":4},{"ty":4,"nm":"sun Outlines","sr":1,"st":0,"op":122,"ip":0,"hd":false,"ddd":0,"bm":0,"hasMask":false,"ao":0,"ks":{"a":{"a":0,"k":[110.75,55.894,0],"ix":1},"s":{"a":1,"k":[{"o":{"x":0.167,"y":0.167},"i":{"x":0.833,"y":0.833},"s":[100,100,100],"t":0},{"o":{"x":0.167,"y":0.167},"i":{"x":0.833,"y":0.833},"s":[90,90,100],"t":60},{"s":[100,100,100],"t":119}],"ix":6},"sk":{"a":0,"k":0},"p":{"a":0,"k":[295,132.857,0],"ix":2},"r":{"a":0,"k":0,"ix":10},"sa":{"a":0,"k":0},"o":{"a":0,"k":100,"ix":11}},"ef":[],"shapes":[{"ty":"gr","bm":0,"hd":false,"mn":"ADBE Vector Group","nm":"Group 1","ix":1,"cix":2,"np":2,"it":[{"ty":"sh","bm":0,"hd":false,"mn":"ADBE Vector Shape - Group","nm":"Path 1","ix":1,"d":1,"ks":{"a":0,"k":{"c":true,"i":[[73.667,-0.667],[-23.476,27.146],[-48.429,-1.287],[-6.376,-6.897],[-0.915,-10.653]],"o":[[1.101,-11.693],[6.061,-7.008],[42.849,1.139],[25.935,28.055],[-73.667,0.667]],"v":[[-110.5,55.643],[-81.5,-13.357],[3.5,-54.357],[79.5,-17.357],[110.5,53.643]]},"ix":2}},{"ty":"fl","bm":0,"hd":false,"mn":"ADBE Vector Graphic - Fill","nm":"Fill 1","c":{"a":0,"k":[1,0.6549,0.1922],"ix":4},"r":1,"o":{"a":0,"k":100,"ix":5}},{"ty":"tr","a":{"a":0,"k":[0,0],"ix":1},"s":{"a":0,"k":[100,100],"ix":3},"sk":{"a":0,"k":0,"ix":4},"p":{"a":0,"k":[110.75,55.894],"ix":2},"r":{"a":0,"k":0,"ix":6},"sa":{"a":0,"k":0,"ix":5},"o":{"a":0,"k":100,"ix":7}}]}],"ind":5},{"ty":4,"nm":"B cloud 1 Outlines","sr":1,"st":0,"op":122,"ip":0,"hd":false,"ddd":0,"bm":0,"hasMask":false,"ao":0,"ks":{"a":{"a":0,"k":[184.677,92.468,0],"ix":1},"s":{"a":0,"k":[100,100,100],"ix":6},"sk":{"a":0,"k":0},"p":{"a":1,"k":[{"o":{"x":0.167,"y":0.167},"i":{"x":0.833,"y":0.833},"s":[175.883,159.527,0],"t":0},{"o":{"x":0.167,"y":0.167},"i":{"x":0.833,"y":0.833},"s":[195.883,159.527,0],"t":60},{"s":[175.883,159.527,0],"t":119}],"ix":2},"r":{"a":0,"k":0,"ix":10},"sa":{"a":0,"k":0},"o":{"a":0,"k":100,"ix":11}},"ef":[],"shapes":[{"ty":"gr","bm":0,"hd":false,"mn":"ADBE Vector Group","nm":"Group 1","ix":1,"cix":2,"np":4,"it":[{"ty":"sh","bm":0,"hd":false,"mn":"ADBE Vector Shape - Group","nm":"Path 1","ix":1,"d":1,"ks":{"a":0,"k":{"c":true,"i":[[-12.301,-0.456],[-14.841,2.111],[-7.68,-12.512],[-5.216,-7.318],[7.764,-6.924],[-11.457,-7.143],[-0.242,-2.058],[0,0],[-6.251,12.06]],"o":[[3.539,-14.683],[14.433,-2.054],[8.726,-3.546],[5.728,8.037],[2.738,-0.534],[14.244,8.881],[0,0],[-10.268,-9.853],[5.473,-10.558]],"v":[[-48.589,-11.916],[-18.058,-39.792],[18.447,-22.536],[42.341,-15.898],[39.022,10.651],[64.907,15.297],[81.5,41.846],[-71.155,41.846],[-77.793,4.677]]},"ix":2}},{"ty":"fl","bm":0,"hd":false,"mn":"ADBE Vector Graphic - Fill","nm":"Fill 1","c":{"a":0,"k":[0.6941,0.7569,0.8902],"ix":4},"r":1,"o":{"a":0,"k":100,"ix":5}},{"ty":"tr","a":{"a":0,"k":[0,0],"ix":1},"s":{"a":0,"k":[100,100],"ix":3},"sk":{"a":0,"k":0,"ix":4},"p":{"a":0,"k":[84.294,42.096],"ix":2},"r":{"a":0,"k":0,"ix":6},"sa":{"a":0,"k":0,"ix":5},"o":{"a":0,"k":100,"ix":7}}]},{"ty":"gr","bm":0,"hd":false,"mn":"ADBE Vector Group","nm":"Group 2","ix":2,"cix":2,"np":2,"it":[{"ty":"sh","bm":0,"hd":false,"mn":"ADBE Vector Shape - Group","nm":"Path 1","ix":1,"d":1,"ks":{"a":0,"k":{"c":false,"i":[[0,0],[8.981,7.667],[1.777,-0.265],[6.951,6.916],[10.485,-8.522],[13.524,3.861],[2.148,-1.512],[0.831,-13.31],[-1.631,-2.562],[5.872,-2.042],[1.912,-2.33],[0.126,-4.352]],"o":[[-0.168,-2.046],[-9.979,-8.517],[4.271,-9.752],[-8.538,-8.494],[-0.972,-1.953],[-14.849,-4.239],[-2.818,1.984],[-0.507,8.123],[-1.872,-0.702],[-4.63,1.61],[-6.341,7.727],[0,0]],"v":[[80.46,38.035],[70.249,17.965],[46.656,11.275],[42.079,-16.543],[8.275,-17.247],[-12.148,-34.501],[-41.022,-28.867],[-55.459,-5.979],[-50.882,10.923],[-63.91,10.571],[-73.065,17.613],[-80.46,38.741]]},"ix":2}},{"ty":"fl","bm":0,"hd":false,"mn":"ADBE Vector Graphic - Fill","nm":"Fill 1","c":{"a":0,"k":[0.6941,0.7569,0.8902],"ix":4},"r":1,"o":{"a":0,"k":100,"ix":5}},{"ty":"tr","a":{"a":0,"k":[0,0],"ix":1},"s":{"a":0,"k":[100,100],"ix":3},"sk":{"a":0,"k":0,"ix":4},"p":{"a":0,"k":[122.645,67.946],"ix":2},"r":{"a":0,"k":0,"ix":6},"sa":{"a":0,"k":0,"ix":5},"o":{"a":0,"k":100,"ix":7}}]}],"ind":6},{"ty":4,"nm":"B cloud 2 Outlines","sr":1,"st":0,"op":122,"ip":0,"hd":false,"ddd":0,"bm":0,"hasMask":false,"ao":0,"ks":{"a":{"a":0,"k":[25.249,81.81,0],"ix":1},"s":{"a":0,"k":[100,100,100],"ix":6},"sk":{"a":0,"k":0},"p":{"a":1,"k":[{"o":{"x":0.167,"y":0.167},"i":{"x":0.833,"y":0.833},"s":[375.892,170.869,0],"t":0},{"o":{"x":0.167,"y":0.167},"i":{"x":0.833,"y":0.833},"s":[370.892,170.869,0],"t":60},{"s":[375.892,170.869,0],"t":119}],"ix":2},"r":{"a":0,"k":0,"ix":10},"sa":{"a":0,"k":0},"o":{"a":0,"k":100,"ix":11}},"ef":[],"shapes":[{"ty":"gr","bm":0,"hd":false,"mn":"ADBE Vector Group","nm":"Group 1","ix":1,"cix":2,"np":2,"it":[{"ty":"sh","bm":0,"hd":false,"mn":"ADBE Vector Shape - Group","nm":"Path 1","ix":1,"d":1,"ks":{"a":0,"k":{"c":false,"i":[[0,0],[-8.154,6.961],[-1.613,-0.241],[-6.313,6.28],[-9.519,-7.738],[-12.279,3.505],[-1.95,-1.373],[-0.755,-12.085],[1.481,-2.326],[-5.332,-1.855],[-1.737,-2.116],[-0.114,-3.951]],"o":[[0.152,-1.858],[9.06,-7.733],[-3.879,-8.854],[7.752,-7.713],[0.883,-1.774],[13.481,-3.849],[2.558,1.801],[0.46,7.375],[1.7,-0.637],[4.203,1.461],[5.756,7.015],[0,0]],"v":[[-73.053,34.534],[-63.783,16.31],[-42.362,10.237],[-38.204,-15.021],[-7.514,-15.659],[11.03,-31.326],[37.246,-26.211],[50.354,-5.43],[46.198,9.917],[58.027,9.598],[66.34,15.992],[73.053,35.174]]},"ix":2}},{"ty":"fl","bm":0,"hd":false,"mn":"ADBE Vector Graphic - Fill","nm":"Fill 1","c":{"a":0,"k":[0.6941,0.7569,0.8902],"ix":4},"r":1,"o":{"a":0,"k":100,"ix":5}},{"ty":"tr","a":{"a":0,"k":[0,0],"ix":1},"s":{"a":0,"k":[100,100],"ix":3},"sk":{"a":0,"k":0,"ix":4},"p":{"a":0,"k":[73.304,60.196],"ix":2},"r":{"a":0,"k":0,"ix":6},"sa":{"a":0,"k":0,"ix":5},"o":{"a":0,"k":100,"ix":7}}]},{"ty":"gr","bm":0,"hd":false,"mn":"ADBE Vector Group","nm":"Group 2","ix":2,"cix":2,"np":4,"it":[{"ty":"sh","bm":0,"hd":false,"mn":"ADBE Vector Shape - Group","nm":"Path 1","ix":1,"d":1,"ks":{"a":0,"k":{"c":true,"i":[[12.301,-0.456],[14.841,2.111],[7.68,-12.512],[5.216,-7.318],[-7.764,-6.924],[11.457,-7.143],[0.243,-2.058],[0,0],[6.251,12.06]],"o":[[-3.539,-14.683],[-14.433,-2.054],[-8.726,-3.546],[-5.728,8.037],[-2.739,-0.534],[-14.244,8.881],[0,0],[10.268,-9.853],[-5.472,-10.558]],"v":[[48.764,-11.916],[18.233,-39.792],[-18.272,-22.536],[-42.166,-15.898],[-38.847,10.651],[-64.732,15.297],[-81.326,41.846],[71.33,41.846],[77.967,4.677]]},"ix":2}},{"ty":"fl","bm":0,"hd":false,"mn":"ADBE Vector Graphic - Fill","nm":"Fill 1","c":{"a":0,"k":[0.6941,0.7569,0.8902],"ix":4},"r":1,"o":{"a":0,"k":100,"ix":5}},{"ty":"tr","a":{"a":0,"k":[0,0],"ix":1},"s":{"a":0,"k":[100,100],"ix":3},"sk":{"a":0,"k":0,"ix":4},"p":{"a":0,"k":[162.031,42.096],"ix":2},"r":{"a":0,"k":0,"ix":6},"sa":{"a":0,"k":0,"ix":5},"o":{"a":0,"k":100,"ix":7}}]}],"ind":7},{"ty":4,"nm":"ray 1 Outlines","sr":1,"st":0,"op":122,"ip":0,"hd":false,"ddd":0,"bm":0,"hasMask":false,"ao":0,"ks":{"a":{"a":0,"k":[183.5,22.905,0],"ix":1},"s":{"a":1,"k":[{"o":{"x":0.167,"y":0.167},"i":{"x":0.833,"y":0.833},"s":[100,100,100],"t":0},{"o":{"x":0.167,"y":0.167},"i":{"x":0.833,"y":0.833},"s":[85,85,100],"t":60},{"s":[100,100,100],"t":119}],"ix":6},"sk":{"a":0,"k":0},"p":{"a":1,"k":[{"o":{"x":0.167,"y":0.167},"i":{"x":0.833,"y":0.833},"s":[299.25,67.346,0],"t":0},{"o":{"x":0.167,"y":0.167},"i":{"x":0.833,"y":0.833},"s":[299.25,83.846,0],"t":60},{"s":[299.25,67.346,0],"t":119}],"ix":2},"r":{"a":0,"k":0,"ix":10},"sa":{"a":0,"k":0},"o":{"a":0,"k":100,"ix":11}},"ef":[],"shapes":[{"ty":"gr","bm":0,"hd":false,"mn":"ADBE Vector Group","nm":"Group 1","ix":1,"cix":2,"np":2,"it":[{"ty":"sh","bm":0,"hd":false,"mn":"ADBE Vector Shape - Group","nm":"Path 1","ix":1,"d":1,"ks":{"a":0,"k":{"c":true,"i":[[120.833,-1.5],[-76.93,-1.809],[-3.606,-6.044]],"o":[[38.34,-67.827],[112.856,2.653],[-120.833,1.5]],"v":[[-181.25,54.654],[6.25,-52.846],[181.25,50.154]]},"ix":2}},{"ty":"fl","bm":0,"hd":false,"mn":"ADBE Vector Graphic - Fill","nm":"Fill 1","c":{"a":0,"k":[1,0.8,0.4314],"ix":4},"r":1,"o":{"a":0,"k":100,"ix":5}},{"ty":"tr","a":{"a":0,"k":[0,0],"ix":1},"s":{"a":0,"k":[100,100],"ix":3},"sk":{"a":0,"k":0,"ix":4},"p":{"a":0,"k":[181.5,54.905],"ix":2},"r":{"a":0,"k":0,"ix":6},"sa":{"a":0,"k":0,"ix":5},"o":{"a":0,"k":100,"ix":7}}]}],"ind":8},{"ty":4,"nm":"ray 2 Outlines","sr":1,"st":0,"op":122,"ip":0,"hd":false,"ddd":0,"bm":0,"hasMask":false,"ao":0,"ks":{"a":{"a":0,"k":[230.75,22.991,0],"ix":1},"s":{"a":1,"k":[{"o":{"x":0.167,"y":0.167},"i":{"x":0.833,"y":0.833},"s":[100,100,100],"t":0},{"o":{"x":0.167,"y":0.167},"i":{"x":0.833,"y":0.833},"s":[95,95,100],"t":60},{"s":[100,100,100],"t":119}],"ix":6},"sk":{"a":0,"k":0},"p":{"a":1,"k":[{"o":{"x":0.167,"y":0.167},"i":{"x":0.833,"y":0.833},"s":[295.5,33.259,0],"t":0},{"o":{"x":0.167,"y":0.167},"i":{"x":0.833,"y":0.833},"s":[295.5,58.259,0],"t":60},{"s":[295.5,33.259,0],"t":119}],"ix":2},"r":{"a":0,"k":0,"ix":10},"sa":{"a":0,"k":0},"o":{"a":0,"k":100,"ix":11}},"ef":[],"shapes":[{"ty":"gr","bm":0,"hd":false,"mn":"ADBE Vector Group","nm":"Group 1","ix":1,"cix":2,"np":2,"it":[{"ty":"sh","bm":0,"hd":false,"mn":"ADBE Vector Shape - Group","nm":"Path 1","ix":1,"d":1,"ks":{"a":0,"k":{"c":true,"i":[[153.667,-2.333],[-84.021,27.008],[-52.144,-3.982],[-16.874,-8.319],[-15.761,-22.274]],"o":[[15.905,-23.8],[14.023,-4.508],[49.54,3.783],[56.48,27.847],[-153.667,2.333]],"v":[[-230.5,64.741],[-84,-48.759],[22,-60.759],[125,-32.759],[230.5,57.741]]},"ix":2}},{"ty":"fl","bm":0,"hd":false,"mn":"ADBE Vector Graphic - Fill","nm":"Fill 1","c":{"a":0,"k":[1,0.902,0.6863],"ix":4},"r":1,"o":{"a":0,"k":100,"ix":5}},{"ty":"tr","a":{"a":0,"k":[0,0],"ix":1},"s":{"a":0,"k":[100,100],"ix":3},"sk":{"a":0,"k":0,"ix":4},"p":{"a":0,"k":[230.75,64.991],"ix":2},"r":{"a":0,"k":0,"ix":6},"sa":{"a":0,"k":0,"ix":5},"o":{"a":0,"k":100,"ix":7}}]}],"ind":9}],"v":"5.7.6","fr":25,"op":120,"ip":0,"assets":[]}